"qos","n_pubs","n_subs","security_level","test_id"
0,1,1,0,1
0,128,1,0,2
0,16,1,0,3
0,2,1,0,4
0,32,1,0,5
0,4,1,0,6
0,64,1,0,7
0,8,1,0,8
1,1,1,0,11
1,128,1,0,12
1,16,1,0,13
1,2,1,0,14
1,32,1,0,15
1,4,1,0,16
1,64,1,0,17
1,8,1,0,18
2,1,1,0,21
2,128,1,0,22
2,16,1,0,23
2,2,1,0,24
2,32,1,0,25
2,4,1,0,26
2,64,1,0,27
2,8,1,0,28
0,1,1,0,101
0,128,128,0,102
0,16,16,0,103
0,2,2,0,104
0,32,32,0,105
0,4,4,0,106
0,64,64,0,107
0,8,8,0,108
1,1,1,0,111
1,128,128,0,112
1,16,16,0,113
1,2,2,0,114
1,32,32,0,115
1,4,4,0,116
1,64,64,0,117
1,8,8,0,118
2,1,1,0,121
2,128,128,0,122
2,16,16,0,123
2,2,2,0,124
2,32,32,0,125
2,4,4,0,126
2,64,64,0,127
2,8,8,0,128
